psg,hypnogram
ST7011J0-PSG.edf,ST7011JP-Hypnogram.edf
ST7022J0-PSG.edf,ST7022JM-Hypnogram.edf
ST7041J0-PSG.edf,ST7041JO-Hypnogram.edf
ST7052J0-PSG.edf,ST7052JA-Hypnogram.edf
ST7061J0-PSG.edf,ST7061JR-Hypnogram.edf
ST7071J0-PSG.edf,ST7071JA-Hypnogram.edf
ST7082J0-PSG.edf,ST7082JW-Hypnogram.edf
ST7092J0-PSG.edf,ST7092JE-Hypnogram.edf
ST7101J0-PSG.edf,ST7101JE-Hypnogram.edf
ST7112J0-PSG.edf,ST7112JE-Hypnogram.edf
ST7121J0-PSG.edf,ST7121JE-Hypnogram.edf
ST7132J0-PSG.edf,ST7132JR-Hypnogram.edf
ST7141J0-PSG.edf,ST7141JE-Hypnogram.edf
ST7151J0-PSG.edf,ST7151JA-Hypnogram.edf
ST7162J0-PSG.edf,ST7162JM-Hypnogram.edf
ST7171J0-PSG.edf,ST7171JA-Hypnogram.edf
ST7182J0-PSG.edf,ST7182JR-Hypnogram.edf
ST7192J0-PSG.edf,ST7192JR-Hypnogram.edf
ST7201J0-PSG.edf,ST7201JO-Hypnogram.edf
ST7212J0-PSG.edf,ST7212JJ-Hypnogram.edf
ST7221J0-PSG.edf,ST7221JA-Hypnogram.edf
ST7241J0-PSG.edf,ST7241JO-Hypnogram.edf

